1;index;ROIC;EBIT/EV;EV;EBIT;WC;FA;STD;EC;P;V;Market;Sector;Name
SAPR3.SA;13;1,881196038842419;0,16867997207637328;8699752448;1467474000,0;307418000,0;472657000,0;467124000,0;830437782,5;3,7;1208541278;br_market;Utilities—Regulated Water;Companhia de Saneamento do Paraná - SANEPAR
SAPR4.SA;13;1,881196038842419;0,16722753157308087;8775313408;1467474000,0;307418000,0;472657000,0;467124000,0;830437782,5;3,76;1208541278;br_market;Utilities—Regulated Water;Companhia de Saneamento do Paraná - SANEPAR
SBSP3.SA;24;5,66915756163145;0,1261827319483372;38262390784;4828053000,0;540708000,0;310927000,0;2969026000,0;230214695,0;35,8;340005149;br_market;Utilities—Regulated Water;Companhia de Saneamento Básico do Estado de São Paulo - SABESP
BOBR4.SA;28;1,5696163460659085;0,13389233786105803;769097408;102976250,0;-206755000,0;272361000,0;132959000,0;3141832,5;1,75;42098380;br_market;Household & Personal Products;Bombril S.A.
LIGT3.SA;30;0,6463948149718801;0,15644645808828386;10385930240;1624842000,0;756767000,0;1756932000,0;2350555000,0;528829647,5;10,11;353894028;br_market;Utilities—Renewable;Light S.A.
POWE3.SA;33;0,6101838507381295;0,15615225598651325;702242496;109656750,0;73969000,0;105742000,0;7241000,0;8790662,5;13,41;43563295;br_market;Utilities—Renewable;Focus Energia Holding Participações S.A.
TAEE4.SA;37;0,8448907607992493;0,12976898847697454;10366344192;1345230000,0;1518518000,0;73676000,0;440828000,0;875747070,0;12,25;344498907;br_market;Utilities—Regulated Electric;Transmissora Aliança de Energia Elétrica S.A.
TAEE3.SA;39;0,8448907607992493;0,1296397378229346;10376679424;1345230000,0;1518518000,0;73676000,0;440828000,0;875747070,0;12,52;344498907;br_market;Utilities—Regulated Electric;Transmissora Aliança de Energia Elétrica S.A.
CLSC4.SA;44;0,6769116275111731;0,12548613841629497;3423037440;429543750,0;433137000,0;201427000,0;968493000,0;1087207150,0;67,5;15000106;br_market;Utilities—Regulated Electric;Centrais Elétricas de Santa Catarina S.A.
CSMG3.SA;47;0,48749299524950557;0,1356469909781205;7901076480;1071757250,0;616137000,0;1582371000,0;595756000,0;756708380,0;12,67;188908009;br_market;Utilities—Regulated Water;Companhia de Saneamento de Minas Gerais
QUAL3.SA;49;1,2261519983549556;0,10737083799136751;6108900352;655917750,0;491035000,0;43905000,0;17286000,0;398680275,0;17,91;168696992;br_market;Healthcare Plans;Qualicorp Consultoria e Corretora de Seguros S.A.
CAMB3.SA;49;1,2562920422825241;0,10401615116458535;263937376;27453750,0;-4953000,0;26806000,0;39134000,0;4079780,0;4,64;10655027;br_market;Leisure;Cambuci S.A.
GEPA4.SA;51;0,39796134931662147;0,14941326201078686;4499123712;672228750,0;-985507000,0;2674688000,0;376967000,0;1096235342,5;32,01;3597298;br_market;Utilities—Regulated Electric;Rio Paranapanema Energia S.A.
TRPL4.SA;51;0,6067924335533087;0,12009838222927655;21363585024;2565732000,0;4135361000,0;92991000,0;312576000,0;2035051657,5;23,2;187030615;br_market;Utilities—Regulated Electric;CTEEP - Companhia de Transmissão de Energia Elétrica Paulista S.A.
CMIN3.SA;54;0,4239880965359345;0,13530626546825694;27737217024;3753019250,0;1998952000,0;6852757000,0;45014000,0;2877571987,5;5,22;533964006;br_market;Steel;CSN Mineração S.A.
TGMA3.SA;60;0,3187970616217669;0,15376281142389744;1172416128;180274000,0;311862000,0;253620000,0;68811000,0;248644227,5;15,14;28987519;br_market;Trucking;Tegma Gestão Logística S.A.
EQMA3B.SA;63;0,7635742484492721;0,09571289717750647;8341846016;798422250,0;1044258000,0;1380000,0;961330000,0;257787602,5;42,92;2200064;br_market;Utilities—Regulated Electric;Equatorial Maranhão Distribuidora de Energia S.A.
CIEL3.SA;65;0,2835262144249238;0,1534823020417311;17825200128;2735852750,0;8662626000,0;986756000,0;40960000,0;13403885,0;2,35;1106532387;br_market;Information Technology Services;Cielo S.A.
ALUP3.SA;66;0,3065239808196125;0,14330591173280277;13831290880;1982105750,0;1794241000,0;4672156000,0;823619000,0;639224140,0;7,86;130949484;br_market;Utilities—Renewable;Alupar Investimento S.A.
CTSA4.SA;66;0,3439923936199268;0,1300707768230922;387325664;50379750,0;3472000,0;142984000,0;102746000,0;8360152,5;1,54;11892312;br_market;Textile Manufacturing;Companhia Tecidos Santanense Ltda.
CEBR3.SA;69;0,25030942272082807;0,2787027967373273;463686592;129230750,0;473437000,0;42847000,0;13110000,0;122037047,5;17,49;2244631;br_market;Utilities—Regulated Electric;Companhia Energética de Brasília - CEB
ALUP4.SA;69;0,3065239808196125;0,1426711485359652;13892828160;1982105750,0;1794241000,0;4672156000,0;823619000,0;639224140,0;8,11;130949484;br_market;Utilities—Renewable;Alupar Investimento S.A.
CEBR6.SA;70;0,25030942272082807;0,26055674307824334;495979296;129230750,0;473437000,0;42847000,0;13110000,0;122037047,5;17,51;2244631;br_market;Utilities—Regulated Electric;Companhia Energética de Brasília - CEB
CMIG4.SA;72;0,39309413774408775;0,11185802793491566;29467475968;3296173750,0;5765985000,0;2619217000,0;2059315000,0;1443665737,5;13,04;1422496161;br_market;Utilities—Diversified;Companhia Energética de Minas Gerais
ENBR3.SA;73;0,38050057023981754;0,11401191692526505;18962366464;2161935750,0;-590003000,0;6271823000,0;3314365000,0;2594900150,0;19,9;262168137;br_market;Utilities—Renewable;EDP - Energias do Brasil S.A.
RSUL4.SA;74;2,2500323960088116;0,07805800547547452;444887104;34727000,0;-93583000,0;109017000,0;2395000,0;-1457687,5;78,39;445179;br_market;Auto Parts;Metalúrgica Riosulense S.A.
CPFE3.SA;76;0,5035246969223239;0,09154274250866087;45124202496;4130793250,0;-594148000,0;8797903000,0;3988465000,0;3629514840,0;26,57;187621590;br_market;Utilities—Regulated Electric;CPFL Energia S.A.
CCRO3.SA;81;1,7890121700015937;0,07701993085427447;38914859008;2997219750,0;503871000,0;1171478000,0;5372031000,0;3447094132,5;11,49;1115685295;br_market;Infrastructure Operations;CCR S.A.
EQTL3.SA;83;0,5373934412696206;0,08723052076168647;36865253376;3215775250,0;5935362000,0;48662000,0;3112366000,0;2077019845,0;22,6;932030442;br_market;Utilities—Regulated Electric;Equatorial Energia S.A.
CMIG3.SA;85;0,39309413774408775;0,09309192870045674;35407728640;3296173750,0;5765985000,0;2619217000,0;2059315000,0;1443665737,5;16,88;1422496161;br_market;Utilities—Diversified;Companhia Energética de Minas Gerais
CPLE3.SA;86;0,25377887922172176;0,12184179552608755;23705022464;2888262500,0;1753039000,0;9627981000,0;2599088000,0;3064113382,5;5,48;1214592016;br_market;Utilities—Diversified;Companhia Paranaense de Energia - COPEL
ALUP11.SA;88;0,3065239808196125;0,10689051243077367;18543327232;1982105750,0;1794241000,0;4672156000,0;823619000,0;639224140,0;24,36;130949484;br_market;Utilities—Renewable;Alupar Investimento S.A.
CPLE6.SA;90;0,25377887922172176;0,11557117513640384;24991201280;2888262500,0;1753039000,0;9627981000,0;2599088000,0;3064113382,5;5,98;1214592016;br_market;Utilities—Diversified;Companhia Paranaense de Energia - COPEL
ENGI4.SA;93;1,233407878773732;0,07179311924132555;28704272384;2060769250,0;1192781000,0;478012000,0;5671807000,0;887956805,0;6,49;1312581503;br_market;Utilities—Renewable;Energisa S.A.
CGAS5.SA;96;2,4925079621342294;0,0662899217900824;23895166976;1584008750,0;615643000,0;19865000,0;277417000,0;1535023547,5;143,31;1139677;br_market;Utilities—Regulated Gas;Companhia de Gás de São Paulo - COMGÁS
CURY3.SA;101;0,2704395898816564;0,09587834065140115;2158209024;206925500,0;750476000,0;14669000,0;91704000,0;281378507,5;6,95;90910334;br_market;Real Estate—Development;Cury Construtora e Incorporadora S.A.
CARD3.SA;111;0,4027632481415537;0,0767313360627952;757646784;58135250,0;21886000,0;122455000,0;14706000,0;79291767,5;17,09;18219084;br_market;Credit Services;CSU Cardsystem S.A.
NEOE3.SA;113;0,3844533731162132;0,07794444919151271;48766660608;3801090500,0;2977000000,0;6910000000,0;3950000000,0;4792720677,5;15,8;593789614;br_market;Utilities—Regulated Electric;Neoenergia S.A.
MRFG3.SA;120;0,23999311166449908;0,08838535982303146;34262880256;3028337000,0;4555514000,0;8062919000,0;6691988000,0;1651710347,5;26,78;367145016;br_market;Packaged Foods;Marfrig Global Foods S.A.
TAEE11.SA;120;0,8409096911180597;0,05953140572708928;18720442368;1114454250,0;1302019000,0;23277000,0;3039403000,0;42913995,0;36,95;344498907;br_market;Utilities—Regulated Electric;Transmissora Aliança de Energia Elétrica S.A.
VALE3.SA;120;0,2196274211394886;0,09493092575148156;612634918912;58158000000,0;50967000000,0;213836000000,0;10648000000,0;68585540000,0;66,07;4534140526;br_market;Other Industrial Metals & Mining;Vale S.A.
ELET3.SA;123;0,19305828889916377;0,10680170739437814;93011001344;9933733750,0;18791671000,0;32662912000,0;11467952000,0;13893032,5;33,17;602155683;br_market;Utilities—Regulated Electric;Centrais Elétricas Brasileiras S.A. - Eletrobrás
ELET6.SA;123;0,19305828889916377;0,1061392602770825;93591511040;9933733750,0;18791671000,0;32662912000,0;11467952000,0;13893032,5;32,99;602155683;br_market;Utilities—Regulated Electric;Centrais Elétricas Brasileiras S.A. - Eletrobrás
ABEV3.SA;124;0,597443303900555;0,06263957057273514;254020108288;15911710500,0;1864650000,0;24768355000,0;2332767000,0;16569048182,5;17,88;4398337763;br_market;Beverages—Brewers;Ambev S.A.
JSLG3.SA;126;0,19409224323962856;0,10316373177154804;5204874240;536954250,0;954786000,0;1811704000,0;276995000,0;11425080,0;7,35;63903237;br_market;Integrated Freight & Logistics;JSL S.A.
TEND3.SA;129;0,16636803561344277;0,11502772582475161;2407473920;276926250,0;1542530000,0;122010000,0;599666000,0;51555937,5;18,29;68132267;br_market;Real Estate—Development;Construtora Tenda S.A.
EGIE3.SA;130;0,21907663380312142;0,08736467436361937;45230309376;3951531250,0;2352371000,0;15684839000,0;1844572000,0;4444275035,0;39,79;255197719;br_market;Utilities—Regulated Electric;Engie Brasil Energia S.A.
EALT4.SA;132;0,1392141822402577;0,14665730400554716;210996992;30944250,0;28372000,0;193906000,0;19287000,0;19147167,5;6,28;7271100;br_market;Metal Fabrication;Electro Aço Altona S.A.
SEER3.SA;135;0,161511149910558;0,11353409682151654;2356331776;267524000,0;632555000,0;1023826000,0;163790000,0;667381200,0;10,91;54885586;br_market;Education & Training Services;Ser Educacional S.A.
LEVE3.SA;135;0,26836885323853504;0,07579097654559618;4207331328;318877750,0;562162000,0;626045000,0;293794000,0;583372717,5;33,28;38492550;br_market;Auto Parts;MAHLE Metal Leve S.A.
ENGI3.SA;136;1,233407878773732;0,04784075057975832;43075604480;2060769250,0;1192781000,0;478012000,0;5671807000,0;887956805,0;13,86;1312581503;br_market;Utilities—Renewable;Energisa S.A.
ENMT3.SA;139;0,6242301796211767;0,053787098158194394;13513473024;726850500,0;1129696000,0;34699000,0;1211241000,0;305340085,0;79,99;11384981;br_market;Utilities—Regulated Electric;Energisa Mato Grosso - Distribuidora de Energia S/A
JPSA3.SA;140;0,357518792175426;0,06439981780911028;6065673216;390628250,0;1061495000,0;31114000,0;680077000,0;21493355,0;27,87;34874424;br_market;Conglomerates;Jereissati Participações S.A.
UNIP6.SA;144;0,2247826173575098;0,077106033091542;7609197056;586715000,0;660460000,0;1949684000,0;340729000,0;891337805,0;73,47;67600257;br_market;Chemicals;Unipar Carbocloro S.A.
BEEF3.SA;147;0,13724417962179747;0,11739551530158991;10537061376;1237003750,0;4890651000,0;4122509000,0;2199564000,0;6229309332,5;10,42;231205694;br_market;Farm Products;Minerva S.A.
UNIP3.SA;149;0,2247826173575098;0,07500308012274053;7822545408;586715000,0;660460000,0;1949684000,0;340729000,0;891337805,0;78,0;67600257;br_market;Chemicals;Unipar Carbocloro S.A.
ALPK3.SA;149;0,9051318049329751;0,041757021142163474;3041620224;127009000,0;-607428000,0;747749000,0;473634000,0;32955310,0;4,68;193771106;br_market;Infrastructure Operations;Allpark Empreendimentos, Participações e Serviços S.A.
MULT3.SA;150;0,65304396786157;0,04468327077156095;14419216384;644297750,0;839702000,0;146905000,0;396555000,0;1211446382,5;19,61;273911776;br_market;Real Estate Services;Multiplan Empreendimentos Imobiliários S.A.
SCAR3.SA;151;0,46002415800726026;0,05119822690159776;3492450048;178807250,0;371463000,0;17228000,0;157109000,0;409933462,5;37,19;25797551;br_market;Real Estate Services;São Carlos Empreendimentos e Participações S.A.
HAGA4.SA;151;0,14209624203968443;0,10353357640367525;42879220;4439439,0;21206882,0;10035598,0;20776705,0;33301345,2575;1,93;8247057;br_market;Building Products & Equipment;HAGA S/A Indústria e Comércio
HAGA3.SA;153;0,14209624203968443;0,10341127491187267;42929932;4439439,0;21206882,0;10035598,0;20776705,0;33301345,2575;4,47;8247057;br_market;Building Products & Equipment;HAGA S/A Indústria e Comércio
VIVT3.SA;156;0,15190988800501168;0,09002044022077456;76846211072;6917729750,0;1185784000,0;44352593000,0;1429293000,0;5326920462,5;49,68;442190617;br_market;Telecom Services;Telefônica Brasil S.A.
JBSS3.SA;160;0,16329165469266016;0,08496992624261071;142579007488;12114927750,0;19702068000,0;54489891000,0;4562101000,0;17630797970,0;37,88;974732290;br_market;Packaged Foods;JBS S.A.
CRFB3.SA;160;0,22269507952286283;0,0688588749157875;52055744512;3584500000,0;693000000,0;15403000000,0;11000000,0;5082495000,0;16,97;392123101;br_market;Food Distribution;Atacadão S.A.
YDUQ3.SA;161;0,2028536156950789;0,07026785827927151;11243383808;790048500,0;1443629000,0;2451044000,0;390302000,0;-7635822,5;21,99;251841817;br_market;Education & Training Services;Yduqs Participações S.A.
WHRL4.SA;166;0,35165820318698077;0,04933041515646212;11456425984;565150250,0;735261000,0;871840000,0;297175000,0;1831941457,5;8,37;28703213;br_market;Consumer Electronics;Whirlpool S.A.
MRVE3.SA;167;0,1440613799681389;0,08344878186205888;9516783616;794164000,0;4948285000,0;564393000,0;681054000,0;1023502590,0;10,99;300511805;br_market;Residential Construction;MRV Engenharia e Participações S.A.
PARD3.SA;171;0,2401814999388162;0,059169411525276695;3383576832;200204250,0;301995000,0;531559000,0;6877000,0;119382517,5;22,42;42021815;br_market;Diagnostics & Research;Instituto Hermes Pardini S.A.
RAPT4.SA;176;0,1396848589748024;0,08334846704060403;6928903680;577513500,0;2266673000,0;1867730000,0;890194000,0;1616273260,0;10,27;199577879;br_market;Farm & Heavy Construction Machinery;Randon S.A. Implementos e Participações
TIMS3.SA;176;0,14127519820426945;0,08165615585441231;35156443136;2870740000,0;2109600000,0;18210598000,0;1689385000,0;2405640265,0;12,35;2420440879;br_market;Telecom Services;TIM S.A.
PETR4.SA;178;0,10623743226856187;0,1103061947967005;627439828992;69210500000,0;6036000000,0;645434000000,0;21751000000,0;58169295000,0;26,0;8250196414;br_market;Oil & Gas Integrated;Petróleo Brasileiro S.A. - Petrobras
PETR3.SA;180;0,10623743226856187;0,10865717491232944;636962078720;69210500000,0;6036000000,0;645434000000,0;21751000000,0;58169295000,0;26,67;8250196414;br_market;Oil & Gas Integrated;Petróleo Brasileiro S.A. - Petrobras
DEXP4.SA;180;0,20254601121215404;0,06207104375039433;1324792448;82231250,0;130510000,0;275478000,0;54501000,0;33073407,5;7,32;11897927;br_market;Chemicals;Dexxos Participações S.A.
CAML3.SA;182;0,12032467300052097;0,08930319731487812;4743212032;423584000,0;2203210000,0;1317132000,0;682135000,0;1026270360,0;10,5;115386027;br_market;Packaged Foods;Camil Alimentos S.A.
SAPR11.SA;183;7,905671193430267;0,02702930323150783;32909264896;889514500,0;-17429000,0;129945000,0;2808827000,0;501550122,5;18,61;1208541278;br_market;Utilities—Regulated Water;Companhia de Saneamento do Paraná - SANEPAR
BLAU3.SA;187;0,38887622805959965;0,03846189189768225;6876663808;264489500,0;436666000,0;243472000,0;63302000,0;61299180,0;35,99;;br_market;Drug Manufacturers—Specialty & Generic;Blau Farmacêutica S.A.
MDIA3.SA;187;0,13356547962973048;0,0809663707903308;9330352128;755444750,0;2236594000,0;3419394000,0;455303000,0;1151015480,0;31,09;83702891;br_market;Packaged Foods;M. Dias Branco S.A. Indústria e Comércio de Alimentos
FLRY3.SA;189;0,2313653560800638;0,05104815202058213;10012468224;511118000,0;770428000,0;1438710000,0;472250000,0;873505,0;19,99;315441697;br_market;Medical Instruments & Supplies;Fleury S.A.
CSNA3.SA;189;0,1370115842489342;0,07840186249832844;49589886976;3887939500,0;8660498000,0;19716223000,0;4126453000,0;9702101192,5;21,33;654891955;br_market;Steel;Companhia Siderúrgica Nacional
VLID3.SA;189;0,17020662854924865;0,06751157685831129;1662800000;112258250,0;213935000,0;445606000,0;734451000,0;468396275,0;7,18;;br_market;Specialty Business Services;Valid Soluções S.A.
DEXP3.SA;194;0,20254601121215404;0,05526146318893862;1488039680;82231250,0;130510000,0;275478000,0;54501000,0;33073407,5;8,47;11897927;br_market;Chemicals;Dexxos Participações S.A.
CEAB3.SA;195;0,10646839211230373;0,08863546541657281;4144035328;367308500,0;1268267000,0;2181663000,0;390600000,0;1460295535,0;6,96;91037098;br_market;Specialty Retail;C&A Modas S.A.
BRKM5.SA;198;0,14048272602962356;0,06999136721319985;89588080640;6270392250,0;5803070000,0;38831544000,0;9087333000,0;13317533302,5;53,23;201871956;br_market;Chemicals;Braskem S.A.
VITT3.SA;199;0,2132427671756294;0,04894131294465612;1461893760;71547000,0;169722000,0;165797000,0;184125000,0;41933410,0;9,9;5995723;br_market;Agricultural Inputs;Vittia Fertilizantes e Biológicos S.A.
SGPS3.SA;200;0,11203339142602378;0,08127100541701796;1528977024;124261500,0;269093000,0;840054000,0;424702000,0;154436497,5;7,15;23542500;br_market;Textile Manufacturing;Springs Global Participações S.A.
GOAU3.SA;200;0,11840534868080242;0,08027155994425479;46490017792;3731826250,0;13448927000,0;18068452000,0;1431506000,0;4200934580,0;11,16;753727604;br_market;Steel;Metalurgica Gerdau S.A.
ALLD3.SA;202;0,19282373770077177;0,05383750077208341;3058736896;164674750,0;702544000,0;151473000,0;79018000,0;347964280,0;17,21;;br_market;Software—Application;Allied Tecnologia S.A.
GGBR3.SA;203;0,126229474612489;0,07414321065642854;51067666432;3786320750,0;11927310000,0;18068226000,0;1431506000,0;4200864580,0;21,21;1147426481;br_market;Steel;Gerdau S.A.
RENT3.SA;204;0,550224292751917;0,028094868036188016;49574080512;1392777250,0;1273234000,0;1258056000,0;1681402000,0;2500922537,5;48,26;593463912;br_market;Rental & Leasing Services;Localiza Rent a Car S.A.
GOAU4.SA;205;0,11840534868080242;0,078039632753865;47819628544;3731826250,0;13448927000,0;18068452000,0;1431506000,0;4200934580,0;11,78;753727604;br_market;Steel;Metalurgica Gerdau S.A.
ENGI11.SA;208;1,233407878773732;0,0218405662268715;94355120128;2060769250,0;1192781000,0;478012000,0;5671807000,0;887956805,0;40,01;1312581503;br_market;Utilities—Renewable;Energisa S.A.
VIVA3.SA;211;0,2507040978085011;0,038428466417681786;7689681408;295502663,75;839512000,0;339179000,0;277821000,0;466346193,3925;27,2;81327616;br_market;Luxury Goods;Vivara Participações S.A.
MTSA4.SA;214;0,09723411122287631;0,0834039534489317;333974720;27854812,0;200043340,0;86428266,0;22546489,0;86456774,975;42,65;3194645;br_market;Farm & Heavy Construction Machinery;METISA Metalúrgica Timboense S.A.
MATD3.SA;214;0,27135082060510735;0,03440480961178886;5044440064;173553000,0;127509000,0;512080000,0;239467000,0;114515375,0;15,88;;br_market;Medical Care Facilities;Hospital Mater Dei S.A.
VULC3.SA;215;0,14606215036067807;0,058356554396372946;2658523136;155142250,0;805710000,0;256456000,0;127894000,0;145923857,5;8,58;105729295;br_market;Footwear & Accessories;Vulcabras Azaleia S.A.
PLPL3.SA;216;0,12631176565795862;0,06695647534534657;1433625344;95990500,0;752357000,0;7592000,0;119000,0;198284775,0;3,07;204119148;br_market;Real Estate—Development;Plano & Plano Desenvolvimento Imobiliário S.A.
GGPS3.SA;219;0,43152298299706965;0,02666265047706821;10477213696;279350286,75;388650000,0;258709000,0;330798000,0;700352040,7925;17,16;471448885;br_market;Personal Services;GPS Participações e Empreendimentos S.A.
UGPA3.SA;219;0,10976820049533734;0,0718890833166907;28100681728;2020132250,0;8248230000,0;10155390000,0;2061174000,0;1810326315,0;12,38;721279749;br_market;Oil & Gas Refining & Marketing;Ultrapar Participações S.A.
POSI3.SA;221;0,13506269675362587;0,062473333289670877;2003246720;125149500,0;840305000,0;86298000,0;196893000,0;524382642,5;8,8;70514567;br_market;Computer Hardware;Positivo Tecnologia S.A.
FIQE3.SA;223;0,33351716907957785;0,02835589800710005;1828764160;51856250,0;-43341000,0;198824000,0;29415000,0;41742920,0;5,99;73275595;br_market;Telecom Services;Unifique Telecomunicações S.A.
PTNT4.SA;223;0,08950389703295235;0,08511671397046068;501763840;42708489,25;147485563,0;329683484,0;93478745,0;95215356,295;6,93;24004506;br_market;Apparel Manufacturing;Pettenati S.A. Industria Têxtil
GGBR4.SA;224;0,126229474612489;0,06357000534581612;59561435136;3786320750,0;11927310000,0;18068226000,0;1431506000,0;4200864580,0;25,53;1147426481;br_market;Steel;Gerdau S.A.
CTNM4.SA;224;0,12124805179052181;0,06525474577729778;2435596800;158934250,0;174987000,0;1135832000,0;652800000,0;166929802,5;4,0;12735882;br_market;Textile Manufacturing;Companhia de Tecidos Norte de Minas
MGEL4.SA;225;0,1414612274874835;0,055439494576688085;778240320;43145250,0;159921000,0;145076000,0;25005000,0;22238237,5;13,1;2137822;br_market;Steel;Mangels Industrial S.A.
CRPG5.SA;226;0,1393708767286377;0,05776201229650775;1961808384;113318000,0;674383000,0;138685000,0;;383194252,5;87,0;8227685;br_market;Chemicals;Tronox Pigmentos do Brasil S.A.
CPLE11.SA;227;0,25377887922172176;0,032452682803798365;88999190528;2888262500,0;1753039000,0;9627981000,0;2599088000,0;3064113382,5;29,29;1214592016;br_market;Utilities—Diversified;Companhia Paranaense de Energia - COPEL
ENAT3.SA;229;0,09052573463803462;0,08075094234576292;3015351808;243492500,0;1367639000,0;1322121000,0;56054000,0;94857885,0;12,75;95238221;br_market;Oil & Gas E&P;Enauta Participações S.A.
PCAR3.SA;231;0,09973796376405925;0,07167976350482386;27340369920;1959751250,0;-842000000,0;20491000000,0;2409000000,0;8275717500,0;22,89;157191682;br_market;Department Stores;Companhia Brasileira de Distribuição
GUAR3.SA;232;0,12244897712219513;0,05950198124738666;12754251776;758903250,0;3620561000,0;2577149000,0;1301932000,0;2852719322,5;11,82;86111558;br_market;Apparel Manufacturing;Guararapes Confecções S.A.
RAIZ4.SA;235;0,2766792561936592;0,02734500156741944;88116707328;2409551500,0;1527447000,0;7181379000,0;441435000,0;1720046317,5;6,75;;br_market;Utilities—Renewable;Raízen S.A.
OFSA3.SA;235;0,1307127889896761;0,05596436377685674;1677540736;93882500,0;440930000,0;277305000,0;88938000,0;219464527,5;26,02;7816671;br_market;Drug Manufacturers—Specialty & Generic;Ouro Fino Saúde Animal Participações S.A.
EUCA4.SA;235;0,07204660313324107;0,09007996977522169;1352956160;121874250,0;166289000,0;1525314000,0;278753000,0;-7397650,0;8,09;64704043;br_market;Building Products & Equipment;Eucatex S.A. Indústria e Comércio
TASA4.SA;239;0,18649304216883092;0,036536315408045486;2952404992;107870000,0;355509000,0;222904000,0;78402000,0;80447715,0;21,73;60821547;br_market;Aerospace & Defense;Taurus Armas S.A.
HAPV3.SA;240;0,3294566315145055;0,02355841989976576;50666598400;1193625000,0;1381478000,0;2241533000,0;42915000,0;84640935,0;12,26;1266938706;br_market;Medical Care Facilities;Hapvida Participações e Investimentos S.A.
GRND3.SA;242;0,1376624316618329;0,04884094878389416;9423895552;460272000,0;2851845000,0;491638000,0;577000,0;-2221107,5;9,25;274391964;br_market;Footwear & Accessories;Grendene S.A.
TASA3.SA;242;0,18649304216883092;0,035064797743828126;3076304640;107870000,0;355509000,0;222904000,0;78402000,0;80447715,0;22,21;60821547;br_market;Aerospace & Defense;Taurus Armas S.A.
TUPY3.SA;242;0,0826839788958514;0,08002690041264307;3660244224;292918000,0;1815764000,0;1726857000,0;74105000,0;1380224130,0;21,43;67547159;br_market;Auto Parts;Tupy S.A.
CSAN3.SA;245;0,323738489374208;0,021947672442220935;81459560448;1787847750,0;5021286000,0;501220000,0;814842000,0;4501478140,0;20,23;1194116758;br_market;Oil & Gas Refining & Marketing;Cosan S.A.
MYPK3.SA;246;0,0917564446905393;0,06913687317345403;6787893760;469293750,0;809475000,0;4305084000,0;268557000,0;1515735995,0;16,97;129847998;br_market;Auto Parts;Iochpe-Maxion S.A.
MOSI3.SA;249;0,47210767578349766;0,012600056779713712;1953542784;24614750,0;47664000,0;4474000,0;12090000,0;38171885,0;10,18;95393718;br_market;Internet Content & Information;Mosaico Tecnologia ao Consumidor S.A.
HYPE3.SA;252;0,14374661230213828;0,039217116844249555;24986863616;979912750,0;5270536000,0;1546409000,0;485796000,0;4706778430,0;29,11;403220318;br_market;Drug Manufacturers—Specialty & Generic;Hypera S.A.
COGN3.SA;254;0,0954629031798574;0,06466728398924024;12332716032;797523250,0;4010100000,0;4344174000,0;2049037000,0;2147239032,5;2,66;1849075411;br_market;Education & Training Services;Cogna Educação S.A.
ORVR3.SA;256;0,20925230860887697;0,02793013871505023;1886295680;52684500,0;-43621000,0;295396000,0;43921000,0;2874750,0;27,5;67288009;br_market;Waste Management;Orizon Valorização de Resíduos S.A.
LREN3.SA;256;0,17969747190541602;0,032330550797083024;39560855552;1279024250,0;3263355000,0;3854298000,0;904816000,0;1984289842,5;31,0;793250000;br_market;Department Stores;Lojas Renner S.A.
SMTO3.SA;257;0,10172122345674649;0,05825378740414314;16057943040;935436000,0;1364035000,0;7832040000,0;700724000,0;251362487,5;39,68;164859106;br_market;Confectioners;São Martinho S.A.
CLSA3.SA;258;0,45899707287012786;0,007178559038277573;4150345472;29793500,0;48095000,0;16815000,0;29340000,0;53112057,5;17,92;63841111;br_market;Software—Infrastructure;ClearSale S.A.
USIM3.SA;259;0,08461053494945507;0,06786792787505921;22884984832;1553156500,0;7350504000,0;11006034000,0;135952000,0;3122518827,5;12,22;675892865;br_market;Steel;Usinas Siderúrgicas de Minas Gerais S.A.
SLCE3.SA;259;0,10978779289389662;0,04954235189970315;12492528640;618909250,0;1864283000,0;3773040000,0;27861000,0;1580076292,5;44,76;87861247;br_market;Farm Products;SLC Agrícola S.A.
JALL3.SA;262;0,09913989625979396;0,0560116667466492;3400742400;190481250,0;433338000,0;1488000000,0;211515000,0;381335927,5;9,48;92519438;br_market;Packaged Foods;Jalles Machado S/A
ESPA3.SA;263;0,20204317132772195;0,0271889301020987;3174766336;86318500,0;194026000,0;233202000,0;148137000,0;144702342,5;9,8;;br_market;Personal Services;MPM Corpóreos S.A.
TRIS3.SA;263;0,09564975665253006;0,059142896549304304;2010055424;118880500,0;1224103000,0;18770000,0;146368000,0;472058615,0;6,1;78039938;br_market;Real Estate Services;Trisul S.A.
EMAE4.SA;265;0,16015952392952276;0,03330024121094856;2576572928;85800500,0;308256000,0;227463000,0;66361000,0;515183847,5;75,49;5573468;br_market;Utilities—Diversified;Empresa Metropolitana de Águas e Energia S.A.
USIM5.SA;265;0,08461053494945507;0,06591834096223376;23561826304;1553156500,0;7350504000,0;11006034000,0;135952000,0;3122518827,5;12,3;675892865;br_market;Steel;Usinas Siderúrgicas de Minas Gerais S.A.
RCSL3.SA;269;3,6893776824034337;-0,014547795700733536;472717664;-6877000,0;-5640000,0;3776000,0;;1126820,0;4,49;46849515;br_market;Specialty Industrial Machinery;Recrusul S/A
EUCA3.SA;270;0,07204660313324107;0,06915657290175732;1762294528;121874250,0;166289000,0;1525314000,0;278753000,0;-7397650,0;14,8;64704043;br_market;Building Products & Equipment;Eucatex S.A. Indústria e Comércio
MELK3.SA;271;0,0581064981767217;0,0821672170763434;770480640;63308250,0;1083860000,0;5661000,0;56194000,0;1007467,5;3,88;54464010;br_market;Real Estate Services;Melnick Even Desenvolvimento Imobiliário S.A.
INTB3.SA;278;0,19280311231837702;0,023993746388676143;9797625856;235081750,0;961831000,0;257453000,0;151575000,0;736054100,0;27,0;71999094;br_market;Communication Equipment;Intelbras S.A. - Indústria de Telecomunicação Eletrônica Brasileira
RCSL4.SA;280;3,6893776824034337;-0,055490164789893597;123931872;-6877000,0;-5640000,0;3776000,0;;1126820,0;1,51;46849515;br_market;Specialty Industrial Machinery;Recrusul S/A
ETER3.SA;281;0,10180646591304898;0,04220465988977009;1142699648;48227250,0;264836000,0;208879000,0;;75238155,0;14,7;48524488;br_market;Building Products & Equipment;Eternit S.A.
SYNE3.SA;281;0,0698010042090742;0,06827607056809429;4391663104;299845500,0;326245000,0;3969474000,0;131546000,0;151332567,5;13,71;51682356;br_market;Real Estate—Diversified;SYN prop e tech S.A.
MNPR3.SA;282;-0,09221025461266372;0,26475574197850443;109295080;28936500,0;-406279000,0;92469000,0;93000,0;-2076455,0;8,39;2556107;br_market;Farm Products;Minupar Participações S.A.
RANI3.SA;284;0,09860456906680959;0,042297047388052414;2714178816;114801750,0;494242000,0;670022000,0;33116000,0;45687177,5;6,35;113618061;br_market;Packaging & Containers;Irani Papel e Embalagem S.A.
TOTS3.SA;287;0,23036841408903058;0,012833365717125235;20758038528;266395500,0;791942000,0;364447000,0;101525000,0;1004691272,5;34,45;480107815;br_market;Software—Application;TOTVS S.A.
GNDI3.SA;287;0,19706614151479157;0,019785834623806627;50193801216;993126250,0;2329686000,0;2709872000,0;303905000,0;2486125892,5;68,51;524815446;br_market;Healthcare Plans;Notre Dame Intermédica Participações S.A.
IRBR3.SA;294;-0,6764761657823855;0,28475999477330205;3444958976;980986500,0;-1522724000,0;72582000,0;4160000,0;-59209152,5;4,8;909354670;br_market;Insurance—Reinsurance;IRB-Brasil Resseguros S.A.
BRFS3.SA;296;0,0887509026922368;0,04587592849160197;38142328832;1749814750,0;7471656000,0;12244366000,0;1444953000,0;7248076847,5;23,28;531370548;br_market;Packaged Foods;BRF S.A.
FESA4.SA;298;0,09156535779352926;0,04119183985263725;4504654336;185555000,0;350504000,0;1675972000,0;132729000,0;77018632,5;46,27;40593679;br_market;Steel;Cia de Ferro Ligas da Bahia - FERBASA
FESA3.SA;300;0,09156535779352926;0,03994670746903517;4645063680;185555000,0;350504000,0;1675972000,0;132729000,0;77018632,5;50,0;40593679;br_market;Steel;Cia de Ferro Ligas da Bahia - FERBASA
ALPA3.SA;303;0,16481219808022743;0,02090459478275045;19656527872;410911750,0;1402404000,0;1090808000,0;88789000,0;658637727,5;34,61;224016435;br_market;Footwear & Accessories;Alpargatas S.A.
IGTA3.SA;304;0,08083492041142992;0,045872667895182996;9511709696;436327500,0;1035250000,0;4362510000,0;661969000,0;20400137,5;31,73;86788157;br_market;Real Estate Services;Iguatemi Empresa de Shopping Centers S.A.
SHUL4.SA;305;0,0793085171460454;0,04696272050339678;2056668544;96586750,0;655331000,0;562530000,0;224082000,0;433844647,5;8,5;74426361;br_market;Auto Parts;Schulz S.A.
TPIS3.SA;305;-0,6793376341236186;0,15277210805842706;2214689280;338342750,0;-677519000,0;179471000,0;619545000,0;42494695,0;2,1;41851527;br_market;Infrastructure Operations;Triunfo Participações e Investimentos S.A.
ALPA4.SA;307;0,16481219808022743;0,01855926679699507;22140516352;410911750,0;1402404000,0;1090808000,0;88789000,0;658637727,5;40,13;224016435;br_market;Footwear & Accessories;Alpargatas S.A.
CBAV3.SA;308;0,07028662306559567;0,05197357080341868;8627139584;448383250,0;1375764000,0;5003590000,0;54812000,0;581149785,0;12,5;111888000;br_market;Aluminum;Companhia Brasileira de Alumínio
ARZZ3.SA;308;0,17036194895591647;0,01710830983261289;9656623104;165208500,0;653450000,0;316300000,0;239483000,0;22903600,0;79,6;53503083;br_market;Footwear & Accessories;Arezzo Indústria e Comércio S.A.
MWET4.SA;314;0,48210398784344327;-0,10024351691839863;117102336;-11738750,0;-77079000,0;52730000,0;13480000,0;-167942,5;12,6;965009;br_market;Auto Parts;Wetzel S.A.
SUZB3.SA;314;0,08059219006820591;0,04012653270514482;129439367168;5193953000,0;9785171000,0;54662178000,0;2040870000,0;6633813810,0;49,3;736621014;br_market;Paper & Paper Products;Suzano S.A.
HBRE3.SA;315;0,06530213410533463;0,05403014662989084;2264444160;122348250,0;-115358000,0;1988930000,0;61838000,0;97559285,0;12,5;;br_market;Real Estate Services;HBR Realty Empreendimentos Imobiliários S.A.
LAVV3.SA;316;0,04026695189213204;0,06765700932306162;659100224;44592750,0;1105260000,0;2168000,0;3004000,0;898091540,0;5,4;97070100;br_market;Real Estate Services;Lavvi Empreendimentos Imobiliários S.A.
PTBL3.SA;316;0,10858874242518898;0,028999161365701787;2996948736;86909000,0;176083000,0;624267000,0;213199000,0;315014560,0;9,39;147529703;br_market;Building Products & Equipment;PBG S.A.
POMO3.SA;318;0,07062056945244206;0,04258544604143391;4077930752;173660500,0;1452744000,0;1006320000,0;665873000,0;1003354645,0;2,43;683585734;br_market;Auto Manufacturers;Marcopolo S.A.
LOGN3.SA;319;0,07970031138245652;0,0396609085023504;2955756800;117228000,0;642663000,0;828197000,0;132814000,0;91267030,0;21,2;45264832;br_market;Marine Shipping;Log-In Logística Intermodal S.A.
LJQQ3.SA;320;0,11105568602809816;0,02711168521258451;4198254336;113821750,0;625299000,0;399608000,0;249314000,0;462641500,0;11,7;;br_market;Specialty Retail;Lojas Quero-Quero S.A.
EZTC3.SA;320;0,08973924550367919;0,0350570865600804;4543952896;159297750,0;1757373000,0;17745000,0;;69570742,5;19,1;98084430;br_market;Real Estate—Diversified;EZTEC Empreendimentos e Participações S.A.
PRIO3.SA;322;0,11809809942952192;0,025689927285785626;15725686784;403991750,0;-308034000,0;3728849000,0;940551000,0;796944567,5;23,39;580519886;br_market;Oil & Gas E&P;Petro Rio S.A.
FRAS3.SA;323;0,08425116318000234;0,036353382569877364;3156515072;114750000,0;628540000,0;733459000,0;180783000,0;430717305,0;14,93;76372622;br_market;Auto Parts;Fras-le S.A.
KEPL3.SA;323;0,09831692048616196;0,03138737497525435;1026766336;32227500,0;153514000,0;174278000,0;5993000,0;254352542,5;35,05;18648234;br_market;Farm & Heavy Construction Machinery;Kepler Weber S.A.
BRML3.SA;323;0,04531461543736591;0,061044719509085035;13260385280;809476500,0;1389040000,0;16474435000,0;234238000,0;16429525,0;7,65;796547376;br_market;Real Estate Services;BR Malls Participações S.A.
WEGE3.SA;325;0,15876484214905862;0,012191570929663996;150427025408;1833941750,0;6674099000,0;4877210000,0;562124000,0;453554722,5;37,72;1139279033;br_market;Specialty Industrial Machinery;WEG S.A.
POMO4.SA;325;0,07062056945244206;0,04079975740833876;4256410112;173660500,0;1452744000,0;1006320000,0;665873000,0;1003354645,0;2,8;683585734;br_market;Auto Manufacturers;Marcopolo S.A.
HBSA3.SA;329;0,07339863728582154;0,0385007377135045;8567965696;329873000,0;981548000,0;3512718000,0;185954000,0;203726125,0;3,05;507889983;br_market;Integrated Freight & Logistics;Hidrovias do Brasil S.A.
AALR3.SA;332;0,08630711217416773;0,03287808183291739;2151083520;70723500,0;92451000,0;726989000,0;262982000,0;218695885,0;15,15;51763735;br_market;Diagnostics & Research;Centro de Imagem Diagnósticos S.A.
PTNT3.SA;335;0,08950389703295235;0,031879272712627325;1339694592;42708489,25;147485563,0;329683484,0;93478745,0;95215356,295;18,9;24004506;br_market;Apparel Manufacturing;Pettenati S.A. Industria Têxtil
KLBN4.SA;336;0,07008652475855434;0,03858988804533133;45023977472;1737470250,0;7311168000,0;17479193000,0;721021000,0;5107303820,0;4,23;4062443556;br_market;Paper & Paper Products;Klabin S.A.
PNVL3.SA;337;0,072477303499697;0,0356433878829686;2892443904;103096500,0;698778000,0;723688000,0;53400000,0;104521295,0;13,49;74505889;br_market;Drug Manufacturers—General;Dimed S.A. Distribuidora de Medicamentos
VIVR3.SA;339;0,2689847408096171;-0,07944210011068625;815682112;-64799500,0;-243727000,0;2823000,0;210432000,0;29018717,5;2,0;59248955;br_market;Real Estate—Development;Viver Incorporadora e Construtora S.A.
MTRE3.SA;339;0,030093170614309134;0,058701165391065485;453717568;26633750,0;870439000,0;14604000,0;26324000,0;191983675,0;6,04;52995300;br_market;Real Estate—Development;Mitre Realty Empreendimentos e Participações S.A.
JHSF3.SA;340;0,04959692011474304;0,04668350029109562;4890983936;228328250,0;220328000,0;4383350000,0;384142000,0;473544260,0;5,36;296263640;br_market;Real Estate—Diversified;JHSF Participações S.A.
LAME3.SA;340;0,06631677386019322;0,03945215786528599;44276355072;1746797750,0;19479802000,0;6860408000,0;2248695000,0;13823444015,0;5,64;1097451227;br_market;Department Stores;Lojas Americanas S.A.
NTCO3.SA;340;0,122814773332734;0,015499958522302876;88841576448;1377040750,0;2575234000,0;8637104000,0;3031700000,0;5635130007,5;39,05;871561832;br_market;Household & Personal Products;Natura &Co Holding S.A.
RADL3.SA;341;0,11876365051800833;0,01838342890181304;46770790400;859807500,0;2219187000,0;5020465000,0;531204000,0;716241025,0;24,28;759882015;br_market;Pharmaceutical Retailers;Raia Drogasil S.A.
RAIL3.SA;341;0,0652859853992989;0,03992478605424444;45734359040;1825934500,0;6498597000,0;21469649000,0;1620335000,0;7712142790,0;17,23;1218902348;br_market;Railroads;Rumo S.A.
SIMH3.SA;343;0,05679193035072402;0,04228712218820912;23796068352;1006267250,0;5971014000,0;11747476000,0;1877356000,0;321723980,0;11,17;685549394;br_market;Conglomerates;SIMPAR S.A.
AERI3.SA;344;0,1081801165297295;0,02002707110692474;7269335552;145583500,0;725445000,0;620306000,0;690291000,0;673621335,0;7,9;218462781;br_market;Specialty Industrial Machinery;Aeris Indústria e Comércio de Equipamentos para Geração de Energia S.A.
LAME4.SA;346;0,06631677386019322;0,03796669284943132;46008688640;1746797750,0;19479802000,0;6860408000,0;2248695000,0;13823444015,0;5,66;1097451227;br_market;Department Stores;Lojas Americanas S.A.
PDGR3.SA;349;0,2720476550286016;-0,20770617864048452;2886140672;-599469250,0;-2204539000,0;994000,0;2807922000,0;106337690,0;1,92;50119125;br_market;Real Estate—Development;PDG Realty S.A. Empreendimentos e Participações
MGLU3.SA;352;0,1211339984951468;0,00920046886189432;93562568704;860819500,0;3382665000,0;3723676000,0;845349000,0;1489780707,5;11,08;2758354342;br_market;Specialty Retail;Magazine Luiza S.A.
ENEV3.SA;353;0,06970477564132085;0,0339963961593358;26267416576;892997500,0;1864463000,0;10946675000,0;137713000,0;1354354105,0;14,88;975835388;br_market;Utilities—Diversified;Eneva S.A.
ECOR3.SA;353;-4,164896257071857;0,08738272741428367;14212491264;1241926250,0;-768611000,0;470422000,0;1578623000,0;1306748247,5;8,63;172601834;br_market;Infrastructure Operations;EcoRodovias Infraestrutura e Logística S.A.
GMAT3.SA;354;0,0766959789161342;0,029776356832511123;17111075840;509505500,0;4704686000,0;1938498000,0;44844000,0;2029835292,5;7,14;463962677;br_market;Department Stores;Grupo Mateus S.A.
KLBN3.SA;356;0,07008652475855434;0,03248699697452031;53482020864;1737470250,0;7311168000,0;17479193000,0;721021000,0;5107303820,0;5,38;4062443556;br_market;Paper & Paper Products;Klabin S.A.
PGMN3.SA;362;0,07040384650245535;0,02979810651602287;7429171712;221375250,0;1258291000,0;1886072000,0;241629000,0;525364515,0;9,92;158445362;br_market;Pharmaceutical Retailers;Empreendimentos Pague Menos S.A.
DESK3.SA;362;0,09955372189442822;0,01679103152788623;1460065152;24516000,0;18174000,0;228085000,0;29970000,0;53953892,5;19,54;19779621;br_market;Telecom Services;Desktop - Sigmanet Comunicação Multimídia S.A.
LCAM3.SA;367;0,061013189299369;0,03375920039022471;17371471872;586447000,0;1212147000,0;8399660000,0;766736000,0;3302482392,5;21,33;322162751;br_market;Rental & Leasing Services;Companhia de Locação das Américas
PFRM3.SA;368;0,05256814423801193;0,03503369618733067;2000031616;70068500,0;940288000,0;392620000,0;167474000,0;325155822,5;5,03;45679795;br_market;Medical Distribution;Profarma Distribuidora de Produtos Farmacêuticos S.A.
NGRD3.SA;370;0,07592412102796371;0,02452824096042348;1079806336;26485750,0;334297000,0;14548000,0;34322000,0;112515977,5;3,95;221054084;br_market;Software—Application;Neogrid Participações S.A.
ROMI3.SA;370;0,06965534449757743;0,029252421951392445;1884741376;55133250,0;481894000,0;309621000,0;238126000,0;187530522,5;16,54;39267382;br_market;Industrial Distribution;Indústrias Romi S.A.
HOOT4.SA;372;0,23746641756785347;-2,3723747903944066;25074474;-59486050,0;-594965000,0;344462000,0;;999700,0;3,21;9101692;br_market;Lodging;Hotéis Othon S.A.
MOVI3.SA;374;0,06527999359516844;0,030625917604809184;12087294976;370184500,0;-68034000,0;5738753000,0;903318000,0;36327287,5;15,15;133296925;br_market;Rental & Leasing Services;Movida Participações S.A.
MDNE3.SA;375;0,06109126243253335;0,03165449152511369;909665536;28795000,0;464283000,0;7061000,0;59951000,0;44858877,5;5,48;79346962;br_market;Real Estate Services;Moura Dubeux Engenharia S.A.
COCE5.SA;376;-1,3001289359391965;0,07374643091765322;7144267776;526864250,0;-448804000,0;43564000,0;259053000,0;113662322,5;51,0;14703752;br_market;Utilities—Regulated Electric;Companhia Energética do Ceará - Coelce
ELMD3.SA;378;0,10717665748424059;0,002375832951466756;2669274368;6341750,0;-74491000,0;133662000,0;74590000,0;83782937,5;15,5;53954918;br_market;Advertising Agencies;Eletromidia S.A.
BOAS3.SA;378;0,08024226006433437;0,02108226498940941;4879682048;102874750,0;1249518000,0;32534000,0;90164000,0;1293923260,0;8,95;475610420;br_market;Credit Services;Boa Vista Serviços S.A.
VAMO3.SA;378;0,08990844235594929;0,015303121255379108;17058709504;261051500,0;291767000,0;2611759000,0;311261000,0;8211550,0;12,33;;br_market;Rental & Leasing Services;Vamos Locação de Caminhões, Máquinas e Equipamentos S.A.
ONCO3.SA;378;0,09306338890402897;0,012364152288713001;7622944768;94251250,0;398349000,0;614415000,0;241876000,0;726869565,0;10,67;;br_market;Medical Care Facilities;Oncoclínicas do Brasil Serviços Médicos S.A.
BRPR3.SA;379;0,028016992981159956;0,038892310364369485;6581423104;255966750,0;1012189000,0;8123936000,0;286242000,0;1085110482,5;7,81;195612597;br_market;Real Estate Services;BR Properties S.A.
CESP6.SA;383;0,048800318221672766;0,03193993883870934;9214654464;294315500,0;68264000,0;5962752000,0;113304000,0;-14919172,5;26,33;196368293;br_market;Utilities—Renewable;CESP - Companhia Energética de São Paulo
SULA4.SA;385;0,17577254840340759;-0,16168333705006876;-11429671936;1847987500,0;10239421000,0;274095000,0;579139000,0;759735682,5;8,99;293695238;br_market;Insurance—Property & Casualty;Sul América S.A.
SULA3.SA;385;0,17577254840340759;-0,16299849192210702;-11337451520;1847987500,0;10239421000,0;274095000,0;579139000,0;759735682,5;9,5;293695238;br_market;Insurance—Property & Casualty;Sul América S.A.
CESP3.SA;386;0,048800318221672766;0,030686144934504972;9591152640;294315500,0;68264000,0;5962752000,0;113304000,0;-14919172,5;24,02;196368293;br_market;Utilities—Renewable;CESP - Companhia Energética de São Paulo
EVEN3.SA;390;0,029653332228230033;0,034935096855717315;1986777088;69408250,0;2328738000,0;11918000,0;142878000,0;341679730,0;6,55;207127694;br_market;Real Estate—Development;Even Construtora e Incorporadora S.A.
INEP3.SA;390;0,17037565638967114;-0,24082512055688288;1162153472;-279875750,0;-1915538000,0;272840000,0;332618000,0;-19657,5;1,79;5245871;br_market;Specialty Industrial Machinery;Inepar S.A. Indústria e Construções
ALSO3.SA;391;0,0385454397969304;0,03309132844528161;11085744128;366842000,0;1427201000,0;8089930000,0;240621000,0;6354035,0;20,27;141743249;br_market;Real Estate Services;Aliansce Sonae Shopping Centers SA
SULA11.SA;392;0,17577254840340759;-0,4005737987962534;-4613350912;1847987500,0;10239421000,0;274095000,0;579139000,0;759735682,5;27,52;293695238;br_market;Insurance—Property & Casualty;Sul América S.A.
INEP4.SA;392;0,17037565638967114;-0,2449931474407607;1142381952;-279875750,0;-1915538000,0;272840000,0;332618000,0;-19657,5;1,82;5245871;br_market;Specialty Industrial Machinery;Inepar S.A. Indústria e Construções
RECV3.SA;394;0,06549408000976603;0,02239931900806034;4407142912;98717000,0;-31577000,0;1538843000,0;212931000,0;26806792,5;14,17;69326964;br_market;Oil & Gas E&P;Petroreconcavo S.A.
RSID3.SA;394;0,17191799859274487;-0,30277257602014035;680282880;-205971000,0;-1202551000,0;4474000,0;871461000,0;23243750,0;8,57;9177294;br_market;Residential Construction;Rossi Residencial S.A.
RDOR3.SA;397;0,07395756563116009;0,014723214602059316;145360273408;2140170500,0;18570851000,0;10366966000,0;987466000,0;27680145,0;57,21;;br_market;Medical Care Facilities;Rede D'Or São Luiz S.A.
WLMM4.SA;402;0,0643510415958676;0,021640875547732186;1400012672;30297500,0;188467000,0;282349000,0;5259000,0;37340237,5;36,0;5502621;br_market;Auto & Truck Dealerships;WLM Participações e Comércio de Máquinas e Veículos S.A.
AMAR3.SA;404;0,06944473742630669;0,01843741947947161;3749602816;69133000,0;324043000,0;671468000,0;483837000,0;500278135,0;4,51;120396051;br_market;Apparel Retail;Marisa Lojas S.A.
LWSA3.SA;406;0,0832005298757602;0,0031929474121485733;12982675456;41453000,0;356863000,0;141367000,0;56876000,0;400922805,0;20,62;424295907;br_market;Software—Infrastructure;Locaweb Serviços de Internet S.A.
ANIM3.SA;410;0,04924749818240386;0,022275977548872353;5847487488;130258500,0;1665371000,0;979606000,0;176192000,0;61303952,5;6,79;287113563;br_market;Education & Training Services;Anima Holding S.A.
DXCO3.SA;412;0,04571988411394609;0,023597162709280285;13179370496;310995750,0;1808221000,0;4993978000,0;176296000,0;1678834127,5;16,17;294006262;br_market;Lumber & Wood Production;Dexco S.A.
DIRR3.SA;414;0,02856885768529449;0,02779290057579258;2244763904;62388500,0;2094200000,0;89594000,0;69897000,0;719376860,0;9,99;93489259;br_market;Real Estate—Development;Direcional Engenharia S.A.
SBFG3.SA;415;0,06301197871294888;0,018111288157844137;10811227136;195805250,0;1436761000,0;1670668000,0;93275000,0;491305215,0;23,07;92259201;br_market;Specialty Retail;Grupo SBF S.A.
OMGE3.SA;418;0,03962473700924666;0,024143945061246286;12186088448;294220250,0;707819000,0;6717347000,0;373861000,0;872852237,5;30,7;113645003;br_market;Utilities—Renewable;Omega Geração S.A.
CYRE3.SA;423;0,04373738886740199;0,021118985745041334;8337237504;176074000,0;3952273000,0;73436000,0;563396000,0;166146890,0;14,78;275366316;br_market;Residential Construction;Cyrela Brazil Realty S.A. Empreendimentos e Participações
SHOW3.SA;423;0,047011031604054856;0,019341101094067854;244569840;4730250,0;73815000,0;26805000,0;967000,0;197701602,5;3,94;35338374;br_market;Leisure;T4F Entretenimento S.A.
OPCT3.SA;424;0,038401845780537514;0,022930642865783373;1228498048;28170250,0;74323000,0;659242000,0;95928000,0;162644512,5;3,63;124052842;br_market;Specialty Business Services;OceanPact Serviços Marítimos S.A.
LOGG3.SA;424;0,02595137968540354;0,025021301243195966;3282193408;82124750,0;165111000,0;2999451000,0;203229000,0;452708175,0;24,0;66837272;br_market;Real Estate—Diversified;LOG Commercial Properties e Participações S.A.
DASA3.SA;431;0,05877046340015028;0,007673415087181196;39762673664;305115500,0;1197759000,0;3993888000,0;345172000,0;706765312,5;37,78;235494737;br_market;Diagnostics & Research;Diagnósticos da América S.A.
PETZ3.SA;431;0,06371001555361473;0,006670954471723199;10978826240;73239250,0;231988000,0;917584000,0;214148000,0;434286730,0;20,64;262023846;br_market;Specialty Retail;Pet Center Comércio e Participações S.A.
SOMA3.SA;435;0,05636783975163889;0,0073153543162794805;9560678400;69939750,0;1017550000,0;223224000,0;151295000,0;695144615,0;14,83;276549371;br_market;Apparel Retail;Grupo de Moda SOMA S.A.
PMAM3.SA;437;-0,14347077713268785;0,03581308506292395;3637762560;130279500,0;-2112839000,0;1204783000,0;3109260000,0;94272620,0;10,28;18508957;br_market;Copper;Paranapanema S.A.
STBP3.SA;439;0,04691064820518921;0,009431366901901656;5853605376;55207500,0;942730000,0;234135000,0;53420000,0;634741690,0;5,57;680147412;br_market;Marine Shipping;Santos Brasil Participações S.A.
TCNO3.SA;443;0,09647899708572003;-0,11903843048127762;64521180;-7680500,0;-98265000,0;18657000,0;5074000,0;-3177,5;2,7;5831459;br_market;Engineering & Construction;Tecnosolo Engenharia S.A.
TCNO4.SA;444;0,09647899708572003;-0,1275449963735074;60217964;-7680500,0;-98265000,0;18657000,0;5074000,0;-3177,5;2,0;5831459;br_market;Engineering & Construction;Tecnosolo Engenharia S.A.
RPMG3.SA;449;0,10286551690261038;-1,2393744068603008;215429856;-266998250,0;-2816909000,0;221304000,0;;-10958765,0;2,9;23675961;br_market;Oil & Gas Refining & Marketing;Refinaria de Petróleos de Manguinhos S.A.
SEQL3.SA;453;0,04011515480236647;0,006730505667165769;4043864064;27217250,0;380781000,0;297697000,0;8878000,0;403743702,5;13,54;99036533;br_market;Integrated Freight & Logistics;Sequoia Logística e Transportes S.A.
ITSA4.SA;456;0,04299617102744097;0,004039488095629362;100074561536;404250000,0;4295000000,0;5107000000,0;317000000,0;2833920000,0;10,25;5192332489;br_market;Banks—Regional;Itaúsa - Investimentos Itaú SA
ITSA3.SA;456;0,04299617102744097;0,004029328795935783;100326883328;404250000,0;4295000000,0;5107000000,0;317000000,0;2833920000,0;10,38;5192332489;br_market;Banks—Regional;Itaúsa - Investimentos Itaú SA
KLBN11.SA;460;0,03801242818217341;0,005215418257550214;150694625280;785935500,0;8056256000,0;12619495000,0;19549411000,0;6963307882,5;22,33;4062443556;br_market;Paper & Paper Products;Klabin S.A.
IFCM3.SA;461;0,044;0,0003920794321284944;4601108480;1804000,0;-7880000,0;48880000,0;30262000,0;65667036,666666664;13,93;;br_market;Specialty Business Services;Infracommerce CXaaS S.A.
LLIS3.SA;465;0,021787912152013183;0,0064421068882093025;1855371264;11952500,0;237015000,0;311569000,0;24939000,0;46096850,0;1,92;18287469;br_market;Apparel Retail;Restoque Comércio e Confecções de Roupas S.A.
SQIA3.SA;468;0,017659033774182972;0,004257596009523862;1366087808;5816250,0;273186000,0;56178000,0;12506000,0;319407590,0;17,39;46642433;br_market;Software—Application;Sinqia S.A.
BKBR3.SA;475;0,003366914531085098;0,0026325321467434073;3175079936;8358500,0;554568000,0;1927972000,0;53612000,0;196574280,0;7,53;214114109;br_market;Restaurants;BK Brasil Operação e Assessoria a Restaurantes S.A.
PRNR3.SA;475;0,004095234975950291;0,0024201763486624535;361647200;875250,0;138239000,0;75485000,0;25339000,0;49148590,0;7,28;35380731;br_market;Engineering & Construction;Priner Serviços Industriais S.A.
SMFT3.SA;477;0,004529521102162194;0,0012133007584683047;19887896576;24130000,0;226457000,0;5100817000,0;277652000,0;1006746532,5;20,98;264330786;br_market;Leisure;Smartfit Escola de Ginástica e Dança S.A.
DMVF3.SA;479;0,00335298016380249;0,002046689902075605;692093120;1416500,0;165348000,0;257112000,0;84498000,0;195388617,5;5,35;;br_market;Pharmaceutical Retailers;d1000 Varejo Farma Participações S.A.
DOTZ3.SA;483;0,04646805125198895;-0,006615956751703843;1341907200;-8878000,0;-191981000,0;925000,0;50576000,0;108580280,0;4,15;26898990;br_market;Advertising Agencies;Dotz S.A.
MODL3.SA;486;-0,0;0,0;2350377984;0,0;-920295000,0;33879000,0;;2055677110,0;4,74;271560646;br_market;;Banco Modal S.A.
CVCB3.SA;486;-10,925391037328472;0,026237909905917844;4339274752;113853500,0;-93161000,0;82740000,0;397856000,0;898200337,5;16,09;201167103;br_market;Travel Services;CVC Brasil Operadora e Agência de Viagens S.A.
ITUB3.SA;489;-0,0;0,0;505241796608;0,0;-821517000000,0;11769000000,0;188083000000,0;49218735000,0;20,92;5271750370;br_market;Banks—Regional;Itaú Unibanco Holding S.A.
BPAN4.SA;490;-0,0;0,0;27001288704;0,0;-26037125000,0;23360000,0;5993026000,0;1205705532,5;12,88;309241471;br_market;Banks—Regional;Banco Pan S.A.
MODL4.SA;490;-0,0;0,0;1603926016;0,0;-920295000,0;33879000,0;;2055677110,0;3,72;271560646;br_market;;Banco Modal S.A.
PINE4.SA;490;-0,0;0,0;5201778176;0,0;-7501495000,0;8948000,0;2010935000,0;166230920,0;1,89;57420023;br_market;Banks—Regional;Banco Pine S.A.
GOLL4.SA;491;-0,22090118815062304;0,019794780918025445;26466799616;523904500,0;-7152865000,0;4781196000,0;1569620000,0;557887727,5;16,92;264574407;br_market;Airlines;Gol Linhas Aéreas Inteligentes S.A.
BMEB4.SA;496;-0,0;0,0;778284672;0,0;-6451994000,0;176153000,0;88834000,0;1888655547,5;18,5;17354868;br_market;Banks—Regional;Banco Mercantil do Brasil S.A.
ABCB4.SA;497;-0,0;0,0;15826587648;0,0;-21363960000,0;23612000,0;9729815000,0;6236435082,5;15,99;82123031;br_market;Banks—Regional;Banco ABC Brasil S.A.
SANB3.SA;500;-0,0;0,0;251352514560;0,0;-595667661000,0;9537111000,0;24349326000,0;28072979680,0;16,017;732725818;br_market;Banks—Regional;Banco Santander (Brasil) S.A.
BPAC11.SA;502;-0,0;0,0;398814052352;0,0;-10579002000,0;82762000,0;72432010000,0;23139855110,0;23,39;903204900;br_market;Capital Markets;Banco BTG Pactual S.A.
BPAC5.SA;502;-0,0;0,0;138754326528;0,0;-59776187000,0;128099000,0;91159225000,0;44243679770,0;5,47;903204900;br_market;Capital Markets;Banco BTG Pactual S.A.
WEST3.SA;504;-0,3735752015568529;0,01300768850950311;309912864;4031250,0;-19038000,0;8247000,0;5472000,0;28407265,0;3,72;79855869;br_market;Specialty Retail;Westwing Comércio Varejista S.A.
SANB4.SA;504;-0,0;0,0;267182309376;0,0;-595667661000,0;9537111000,0;24349326000,0;28072979680,0;18,1787;732725818;br_market;Banks—Regional;Banco Santander (Brasil) S.A.
BPAC3.SA;508;-0,0;0,0;277382004736;0,0;-59776187000,0;128099000,0;91159225000,0;44243679770,0;14,87;903204900;br_market;Capital Markets;Banco BTG Pactual S.A.
ITUB4.SA;508;-0,0;0,0;524410388480;0,0;-821517000000,0;11769000000,0;188083000000,0;49218735000,0;23,16;5271750370;br_market;Banks—Regional;Itaú Unibanco Holding S.A.
BMGB4.SA;510;-0,0;0,0;10963089408;0,0;-17897238000,0;92106000,0;3710097000,0;146236507,5;3,22;115580703;br_market;Banks—Regional;Banco BMG S.A.
MODL11.SA;511;-0,0;0,0;7871306240;0,0;-920295000,0;33879000,0;;2055677110,0;12,3;271560646;br_market;Banks—Regional;Banco Modal S.A.
SANB11.SA;512;-0,0;0,0;391281999872;0,0;-359276202000,0;6509883000,0;195009207000,0;22385919265,0;33,9957;732725818;br_market;Banks—Regional;Banco Santander (Brasil) S.A.
BRSR3.SA;512;-0,0;0,0;1882365824;0,0;-49841466000,0;303938000,0;1280828000,0;1210899550,0;12,3;206998342;br_market;Banks—Regional;Banco do Estado do Rio Grande do Sul S.A.
BIDI11.SA;512;-0,0;0,0;112669605888;0,0;-2325978000,0;5535000,0;1418733000,0;469967640,0;43,51;1072623924;br_market;Banks—Regional;Banco Inter S.A.
BBDC4.SA;514;-0,0;0,0;316550086656;0,0;-520082189000,0;14071129000,0;78880133000,0;23111694902,5;19,05;6931072330;br_market;Banks—Regional;Banco Bradesco S.A.
BBDC3.SA;516;-0,0;0,0;283245346816;0,0;-520082189000,0;14071129000,0;78880133000,0;23111694902,5;16,54;6931072330;br_market;Banks—Regional;Banco Bradesco S.A.
BRSR6.SA;518;-0,0;0,0;1371147776;0,0;-49841466000,0;303938000,0;1280828000,0;1210899550,0;11,19;206998342;br_market;Banks—Regional;Banco do Estado do Rio Grande do Sul S.A.
BEES3.SA;521;-0,0;-0,0;-3816179200;0,0;-12624091000,0;56075000,0;71770000,0;339776065,0;4,79;24113629;br_market;Banks—Regional;Banestes S.A - Banco do Estado do Espírito Santo
PDTC3.SA;528;-0,012617506937864951;-0,0030636144818475177;612919808;-1877750,0;130281000,0;18540000,0;18916000,0;64255552,5;6,9;13363135;br_market;Communication Equipment;Padtec Holding S.A.
EMBR3.SA;528;-0,004195794226847971;-0,004804937318251422;26033326080;-125088500,0;19324648000,0;10488182000,0;1972876000,0;9615872105,0;21,71;694867132;br_market;Aerospace & Defense;Embraer S.A.
ENJU3.SA;535;-0,04362798523079983;-0,012624676353566762;1667844736;-21056000,0;478283000,0;4343000,0;;486192410,0;4,11;115031188;br_market;Internet Retail;Enjoei S.A.
MEAL3.SA;536;-0,022917206830135567;-0,01647595305933119;1502113408;-24748750,0;324415000,0;755505000,0;70093000,0;522997522,5;2,98;260132797;br_market;Restaurants;International Meal Company Alimentação S.A.
TECN3.SA;541;-0,02797808090800229;-0,02682915821122769;320472224;-8598000,0;279183000,0;28129000,0;4468000,0;62241487,5;2,81;65443930;br_market;Luxury Goods;Technos S.A.
MOAR3.SA;543;-0,09481598325048782;-0,010221197295908585;5210446336;-53257000,0;551355000,0;10333000,0;151417000,0;199785010,0;413,5126;270752;br_market;Conglomerates;Monteiro Aranha S.A.
FHER3.SA;544;-0,055252503069419735;-0,024510124426460344;1529449600;-37487000,0;260228000,0;418239000,0;267536000,0;10285057,5;18,24;15629384;br_market;Agricultural Inputs;Fertilizantes Heringer S.A.
TELB3.SA;544;-0,04420756889379668;-0,030103131651801163;5298294272;-159495250,0;1015565000,0;2592307000,0;51507000,0;142022947,5;47,01;6096274;br_market;Telecom Services;Telecomunicações Brasileiras S.A. - TELEBRÁS
MILS3.SA;548;-0,06025882780528559;-0,032728932026481486;1560255616;-51065500,0;407553000,0;439883000,0;62376000,0;375039312,5;5,25;131204229;br_market;Engineering & Construction;Mills Estruturas e Serviços de Engenharia S.A.
TELB4.SA;553;-0,04420756889379668;-0,08094219714199988;1970483328;-159495250,0;1015565000,0;2592307000,0;51507000,0;142022947,5;19,01;6096274;br_market;Telecom Services;Telecomunicações Brasileiras S.A. - TELEBRÁS
HBOR3.SA;554;-0,06274771694919355;-0,06441685514434402;2174050560;-140045500,0;2161299000,0;70583000,0;460706000,0;107344835,0;5,04;64160015;br_market;Real Estate Services;Helbor Empreendimentos S.A.
RDNI3.SA;556;-0,10669898605422713;-0,03549597773569073;935035520;-33190000,0;293950000,0;17112000,0;143363000,0;61604865,0;11,55;15507511;br_market;Real Estate—Development;RNI Negócios Imobiliários S.A.
GFSA3.SA;557;-0,09505059568678809;-0,05187191729886881;2017633152;-104658500,0;1075901000,0;25181000,0;470685000,0;21459062,5;2,08;284095443;br_market;Residential Construction;Gafisa S.A.
MBLY3.SA;558;-0,6568797519746069;-0,014594781841850693;1219442688;-17797500,0;-44079000,0;71173000,0;7362000,0;19700460,0;6,48;44444626;br_market;Specialty Retail;Mobly S.A.
OIBR4.SA;559;-0,08799791335610418;-0,09134327928866359;38455738368;-3512673250,0;15782630000,0;24135058000,0;621677000,0;3943875832,5;1,64;5393343343;br_market;Telecom Services;Oi S.A.
OIBR3.SA;560;-0,08799791335610418;-0,1020885323521179;34408108032;-3512673250,0;15782630000,0;24135058000,0;621677000,0;3943875832,5;1,0;5393343343;br_market;Telecom Services;Oi S.A.
BIOM3.SA;563;-0,1526816858737259;-0,041488722229533516;1083499264;-44953000,0;134624000,0;159799000,0;43608000,0;57229797,5;13,86;31081500;br_market;Biotechnology;Biomm S.A.
BRAP4.SA;565;-1,151085026632472;-0,016997537128042185;25745715200;-437613750,0;380095000,0;80000,0;;62563000,0;45,94;268550030;br_market;Asset Management;Bradespar S.A.
LUPA3.SA;567;-0,12018597010687704;-0,10539934472046897;281133152;-29631250,0;119746000,0;126799000,0;16841000,0;20429240,0;7,1;23940715;br_market;Oil & Gas Equipment & Services;Lupatech S.A.
BRAP3.SA;567;-1,151085026632472;-0,020090974963797126;21781608448;-437613750,0;380095000,0;80000,0;;62563000,0;43,4;268550030;br_market;Asset Management;Bradespar S.A.
RNEW3.SA;572;-0,1379525485545226;-0,13478040928456433;1605251840;-216356500,0;272539000,0;1295801000,0;380461000,0;25342550,0;2,7;28002170;br_market;Utilities—Renewable;Renova Energia S.A.
RNEW11.SA;572;-0,1379525485545226;-0,12049779838116777;1795522432;-216356500,0;272539000,0;1295801000,0;380461000,0;25342550,0;7,99;28002170;br_market;Utilities—Renewable;Renova Energia S.A.
RNEW4.SA;574;-0,1379525485545226;-0,13554142158723984;1596238976;-216356500,0;272539000,0;1295801000,0;380461000,0;25342550,0;2,59;28002170;br_market;Utilities—Renewable;Renova Energia S.A.
TCSA3.SA;587;-0,5674046098024647;-0,2604896913692829;902890816;-235193750,0;404563000,0;9945000,0;51568000,0;98998450,0;3,85;54802891;br_market;Real Estate—Development;Tecnisa S.A.
AVLL3.SA;590;-0,8928741187286353;-0,2476442223794507;1266742656;-313701500,0;317060000,0;34279000,0;108586000,0;19965095,0;31,59;16161988;br_market;Real Estate—Development;Alphaville S.A.
ATMP3.SA;593;-1,141374191711741;-0,2730257548790868;411173664;-112261000,0;-233238000,0;331594000,0;124696000,0;42959480,0;4,23;24786268;br_market;Specialty Business Services;ATMA Participações S.A.
SLED4.SA;600;-3,1882192143203563;-0,47340980864900184;305494304;-144624000,0;-68252000,0;113614000,0;52816000,0;18387272,5;0,3;46818102;br_market;Specialty Retail;Saraiva Livreiros S.A. - em Recuperação Judicial
